<?xml version="1.0" encoding="utf-8"?>
<!--
- phpMyAdmin XML Dump
- version 4.8.0.1
- https://www.phpmyadmin.net
-
- Servidor: localhost
- Temps de generació: 31-05-2018 a les 18:00:26
- Versió del servidor: 5.5.45
- Versió de PHP: 7.2.2
-->

<pma_xml_export version="1.0" xmlns:pma="https://www.phpmyadmin.net/some_doc_url/">
    <!--
    - Structure schemas
    -->
    <pma:structure_schemas>
        <pma:database name="overhome" collation="utf8_general_ci" charset="utf8">
            <pma:table name="oh_archive">
                CREATE TABLE `oh_archive` (
                  `id` int(11) NOT NULL AUTO_INCREMENT,
                  `OBJECT_ID` int(11) NOT NULL,
                  `USER_ID` int(11) NOT NULL,
                  `VALUE` int(4) NOT NULL,
                  `DATE` timestamp NULL DEFAULT NULL ON UPDATE CURRENT_TIMESTAMP,
                  PRIMARY KEY (`id`)
                ) ENGINE=InnoDB DEFAULT CHARSET=utf8 COMMENT='Registro cronológico de las acciones realizadas por los usua';
            </pma:table>
            <pma:table name="oh_object">
                CREATE TABLE `oh_object` (
                  `id` varchar(8) NOT NULL,
                  `DESCRIPTION` varchar(50) DEFAULT NULL,
                  `ZONE_ID` int(11) NOT NULL,
                  PRIMARY KEY (`id`),
                  KEY `ZONE_ID` (`ZONE_ID`),
                  CONSTRAINT `oh_object_ibfk_1` FOREIGN KEY (`ZONE_ID`) REFERENCES `oh_zone` (`id`)
                ) ENGINE=InnoDB DEFAULT CHARSET=utf8 COMMENT='Objetos de la casa';
            </pma:table>
            <pma:table name="oh_user">
                CREATE TABLE `oh_user` (
                  `id` int(11) NOT NULL AUTO_INCREMENT,
                  `NAME` varchar(50) NOT NULL,
                  `PASSWORD` varchar(50) DEFAULT NULL,
                  `REG_DATE` timestamp NULL DEFAULT NULL,
                  PRIMARY KEY (`id`)
                ) ENGINE=InnoDB AUTO_INCREMENT=7 DEFAULT CHARSET=utf8 COMMENT='Usuarios que interactuarán con la casa.';
            </pma:table>
            <pma:table name="oh_user_permission">
                CREATE TABLE `oh_user_permission` (
                  `USER_ID` int(11) NOT NULL,
                  `OBJECT_ID` varchar(8) NOT NULL,
                  PRIMARY KEY (`USER_ID`,`OBJECT_ID`),
                  KEY `OBJECT_PERMISSION` (`OBJECT_ID`),
                  CONSTRAINT `OBJECT_PERMISSION` FOREIGN KEY (`OBJECT_ID`) REFERENCES `oh_object` (`id`),
                  CONSTRAINT `USER_PERMISSION` FOREIGN KEY (`USER_ID`) REFERENCES `oh_user` (`id`)
                ) ENGINE=InnoDB DEFAULT CHARSET=utf8;
            </pma:table>
            <pma:table name="oh_value">
                CREATE TABLE `oh_value` (
                  `id` int(11) NOT NULL AUTO_INCREMENT,
                  `OBJECT_ID` varchar(8) NOT NULL,
                  `LAST_UPDATE` timestamp NULL DEFAULT NULL ON UPDATE CURRENT_TIMESTAMP,
                  `LAST_USER` int(11) DEFAULT NULL,
                  `ARCHIVE` int(4) NOT NULL DEFAULT '0',
                  `VALUE` int(5) NOT NULL DEFAULT '0',
                  PRIMARY KEY (`id`),
                  KEY `OBJECT_ID` (`OBJECT_ID`),
                  KEY `LAST_USER` (`LAST_USER`),
                  CONSTRAINT `oh_value_ibfk_1` FOREIGN KEY (`OBJECT_ID`) REFERENCES `oh_object` (`id`),
                  CONSTRAINT `oh_value_ibfk_2` FOREIGN KEY (`LAST_USER`) REFERENCES `oh_user` (`id`)
                ) ENGINE=InnoDB AUTO_INCREMENT=29 DEFAULT CHARSET=utf8 COMMENT='Valores temporales de los objetos de la casa.';
            </pma:table>
            <pma:table name="oh_zone">
                CREATE TABLE `oh_zone` (
                  `id` int(11) NOT NULL AUTO_INCREMENT,
                  `NAME` varchar(50) NOT NULL,
                  `DESCRIPTION` varchar(50) DEFAULT NULL,
                  `SVG_NAME` varchar(50) DEFAULT NULL,
                  PRIMARY KEY (`id`)
                ) ENGINE=InnoDB AUTO_INCREMENT=6 DEFAULT CHARSET=utf8 COMMENT='Zonas de la casa.';
            </pma:table>
        </pma:database>
    </pma:structure_schemas>

    <!--
    - Base de dades: 'overhome'
    -->
    <database name="overhome">
        <!-- Taula oh_archive -->
        <!-- Taula oh_object -->
        <table name="oh_object">
            <column name="id">00010001</column>
            <column name="DESCRIPTION">01-Main_Light</column>
            <column name="ZONE_ID">4</column>
        </table>
        <table name="oh_object">
            <column name="id">00010002</column>
            <column name="DESCRIPTION">02-Exit_door</column>
            <column name="ZONE_ID">4</column>
        </table>
        <table name="oh_object">
            <column name="id">00010003</column>
            <column name="DESCRIPTION">03-Kitchen_door</column>
            <column name="ZONE_ID">4</column>
        </table>
        <table name="oh_object">
            <column name="id">00010004</column>
            <column name="DESCRIPTION">04-Bedroom_door</column>
            <column name="ZONE_ID">4</column>
        </table>
        <table name="oh_object">
            <column name="id">00010005</column>
            <column name="DESCRIPTION">05-Bathroom_door</column>
            <column name="ZONE_ID">4</column>
        </table>
        <table name="oh_object">
            <column name="id">00020001</column>
            <column name="DESCRIPTION">06-Main_Light</column>
            <column name="ZONE_ID">5</column>
        </table>
        <table name="oh_object">
            <column name="id">00020002</column>
            <column name="DESCRIPTION">07-Fridge</column>
            <column name="ZONE_ID">5</column>
        </table>
        <table name="oh_object">
            <column name="id">00020003</column>
            <column name="DESCRIPTION">08-Oven</column>
            <column name="ZONE_ID">5</column>
        </table>
        <table name="oh_object">
            <column name="id">00030001</column>
            <column name="DESCRIPTION">09-Main_Light</column>
            <column name="ZONE_ID">3</column>
        </table>
        <table name="oh_object">
            <column name="id">00030002</column>
            <column name="DESCRIPTION">10-Light</column>
            <column name="ZONE_ID">3</column>
        </table>
        <table name="oh_object">
            <column name="id">00030003</column>
            <column name="DESCRIPTION">11-Light2</column>
            <column name="ZONE_ID">3</column>
        </table>
        <table name="oh_object">
            <column name="id">00030004</column>
            <column name="DESCRIPTION">12-Laptop</column>
            <column name="ZONE_ID">3</column>
        </table>
        <table name="oh_object">
            <column name="id">00040001</column>
            <column name="DESCRIPTION">13-Main_Light</column>
            <column name="ZONE_ID">2</column>
        </table>
        <table name="oh_object">
            <column name="id">00040002</column>
            <column name="DESCRIPTION">14-Shower</column>
            <column name="ZONE_ID">2</column>
        </table>
        <!-- Taula oh_user -->
        <table name="oh_user">
            <column name="id">1</column>
            <column name="NAME">didac</column>
            <column name="PASSWORD">admin</column>
            <column name="REG_DATE">NULL</column>
        </table>
        <table name="oh_user">
            <column name="id">2</column>
            <column name="NAME">samuel</column>
            <column name="PASSWORD">admin</column>
            <column name="REG_DATE">NULL</column>
        </table>
        <table name="oh_user">
            <column name="id">3</column>
            <column name="NAME">adrian</column>
            <column name="PASSWORD">admin</column>
            <column name="REG_DATE">NULL</column>
        </table>
        <table name="oh_user">
            <column name="id">4</column>
            <column name="NAME">guest</column>
            <column name="PASSWORD">guest</column>
            <column name="REG_DATE">NULL</column>
        </table>
        <table name="oh_user">
            <column name="id">5</column>
            <column name="NAME">gordo;</column>
            <column name="PASSWORD">gorda-</column>
            <column name="REG_DATE">NULL</column>
        </table>
        <!-- Taula oh_user_permission -->
        <table name="oh_user_permission">
            <column name="USER_ID">1</column>
            <column name="OBJECT_ID">00010001</column>
        </table>
        <table name="oh_user_permission">
            <column name="USER_ID">2</column>
            <column name="OBJECT_ID">00010001</column>
        </table>
        <table name="oh_user_permission">
            <column name="USER_ID">3</column>
            <column name="OBJECT_ID">00010001</column>
        </table>
        <table name="oh_user_permission">
            <column name="USER_ID">4</column>
            <column name="OBJECT_ID">00010001</column>
        </table>
        <table name="oh_user_permission">
            <column name="USER_ID">1</column>
            <column name="OBJECT_ID">00010002</column>
        </table>
        <table name="oh_user_permission">
            <column name="USER_ID">2</column>
            <column name="OBJECT_ID">00010002</column>
        </table>
        <table name="oh_user_permission">
            <column name="USER_ID">3</column>
            <column name="OBJECT_ID">00010002</column>
        </table>
        <table name="oh_user_permission">
            <column name="USER_ID">4</column>
            <column name="OBJECT_ID">00010002</column>
        </table>
        <table name="oh_user_permission">
            <column name="USER_ID">1</column>
            <column name="OBJECT_ID">00010003</column>
        </table>
        <table name="oh_user_permission">
            <column name="USER_ID">2</column>
            <column name="OBJECT_ID">00010003</column>
        </table>
        <table name="oh_user_permission">
            <column name="USER_ID">3</column>
            <column name="OBJECT_ID">00010003</column>
        </table>
        <table name="oh_user_permission">
            <column name="USER_ID">4</column>
            <column name="OBJECT_ID">00010003</column>
        </table>
        <table name="oh_user_permission">
            <column name="USER_ID">1</column>
            <column name="OBJECT_ID">00010004</column>
        </table>
        <table name="oh_user_permission">
            <column name="USER_ID">2</column>
            <column name="OBJECT_ID">00010004</column>
        </table>
        <table name="oh_user_permission">
            <column name="USER_ID">3</column>
            <column name="OBJECT_ID">00010004</column>
        </table>
        <table name="oh_user_permission">
            <column name="USER_ID">4</column>
            <column name="OBJECT_ID">00010004</column>
        </table>
        <table name="oh_user_permission">
            <column name="USER_ID">1</column>
            <column name="OBJECT_ID">00010005</column>
        </table>
        <table name="oh_user_permission">
            <column name="USER_ID">2</column>
            <column name="OBJECT_ID">00010005</column>
        </table>
        <table name="oh_user_permission">
            <column name="USER_ID">3</column>
            <column name="OBJECT_ID">00010005</column>
        </table>
        <table name="oh_user_permission">
            <column name="USER_ID">4</column>
            <column name="OBJECT_ID">00010005</column>
        </table>
        <table name="oh_user_permission">
            <column name="USER_ID">1</column>
            <column name="OBJECT_ID">00020001</column>
        </table>
        <table name="oh_user_permission">
            <column name="USER_ID">2</column>
            <column name="OBJECT_ID">00020001</column>
        </table>
        <table name="oh_user_permission">
            <column name="USER_ID">3</column>
            <column name="OBJECT_ID">00020001</column>
        </table>
        <table name="oh_user_permission">
            <column name="USER_ID">4</column>
            <column name="OBJECT_ID">00020001</column>
        </table>
        <table name="oh_user_permission">
            <column name="USER_ID">1</column>
            <column name="OBJECT_ID">00020002</column>
        </table>
        <table name="oh_user_permission">
            <column name="USER_ID">2</column>
            <column name="OBJECT_ID">00020002</column>
        </table>
        <table name="oh_user_permission">
            <column name="USER_ID">3</column>
            <column name="OBJECT_ID">00020002</column>
        </table>
        <table name="oh_user_permission">
            <column name="USER_ID">4</column>
            <column name="OBJECT_ID">00020002</column>
        </table>
        <table name="oh_user_permission">
            <column name="USER_ID">1</column>
            <column name="OBJECT_ID">00020003</column>
        </table>
        <table name="oh_user_permission">
            <column name="USER_ID">2</column>
            <column name="OBJECT_ID">00020003</column>
        </table>
        <table name="oh_user_permission">
            <column name="USER_ID">3</column>
            <column name="OBJECT_ID">00020003</column>
        </table>
        <table name="oh_user_permission">
            <column name="USER_ID">4</column>
            <column name="OBJECT_ID">00020003</column>
        </table>
        <table name="oh_user_permission">
            <column name="USER_ID">1</column>
            <column name="OBJECT_ID">00030001</column>
        </table>
        <table name="oh_user_permission">
            <column name="USER_ID">2</column>
            <column name="OBJECT_ID">00030001</column>
        </table>
        <table name="oh_user_permission">
            <column name="USER_ID">3</column>
            <column name="OBJECT_ID">00030001</column>
        </table>
        <table name="oh_user_permission">
            <column name="USER_ID">4</column>
            <column name="OBJECT_ID">00030001</column>
        </table>
        <table name="oh_user_permission">
            <column name="USER_ID">1</column>
            <column name="OBJECT_ID">00030002</column>
        </table>
        <table name="oh_user_permission">
            <column name="USER_ID">2</column>
            <column name="OBJECT_ID">00030002</column>
        </table>
        <table name="oh_user_permission">
            <column name="USER_ID">3</column>
            <column name="OBJECT_ID">00030002</column>
        </table>
        <table name="oh_user_permission">
            <column name="USER_ID">4</column>
            <column name="OBJECT_ID">00030002</column>
        </table>
        <table name="oh_user_permission">
            <column name="USER_ID">1</column>
            <column name="OBJECT_ID">00030003</column>
        </table>
        <table name="oh_user_permission">
            <column name="USER_ID">2</column>
            <column name="OBJECT_ID">00030003</column>
        </table>
        <table name="oh_user_permission">
            <column name="USER_ID">3</column>
            <column name="OBJECT_ID">00030003</column>
        </table>
        <table name="oh_user_permission">
            <column name="USER_ID">4</column>
            <column name="OBJECT_ID">00030003</column>
        </table>
        <table name="oh_user_permission">
            <column name="USER_ID">1</column>
            <column name="OBJECT_ID">00030004</column>
        </table>
        <table name="oh_user_permission">
            <column name="USER_ID">2</column>
            <column name="OBJECT_ID">00030004</column>
        </table>
        <table name="oh_user_permission">
            <column name="USER_ID">3</column>
            <column name="OBJECT_ID">00030004</column>
        </table>
        <table name="oh_user_permission">
            <column name="USER_ID">1</column>
            <column name="OBJECT_ID">00040001</column>
        </table>
        <table name="oh_user_permission">
            <column name="USER_ID">2</column>
            <column name="OBJECT_ID">00040001</column>
        </table>
        <table name="oh_user_permission">
            <column name="USER_ID">3</column>
            <column name="OBJECT_ID">00040001</column>
        </table>
        <table name="oh_user_permission">
            <column name="USER_ID">4</column>
            <column name="OBJECT_ID">00040001</column>
        </table>
        <table name="oh_user_permission">
            <column name="USER_ID">1</column>
            <column name="OBJECT_ID">00040002</column>
        </table>
        <table name="oh_user_permission">
            <column name="USER_ID">2</column>
            <column name="OBJECT_ID">00040002</column>
        </table>
        <table name="oh_user_permission">
            <column name="USER_ID">3</column>
            <column name="OBJECT_ID">00040002</column>
        </table>
        <table name="oh_user_permission">
            <column name="USER_ID">4</column>
            <column name="OBJECT_ID">00040002</column>
        </table>
        <!-- Taula oh_value -->
        <table name="oh_value">
            <column name="id">15</column>
            <column name="OBJECT_ID">00010001</column>
            <column name="LAST_UPDATE">2018-05-31 18:47:55</column>
            <column name="LAST_USER">NULL</column>
            <column name="ARCHIVE">0</column>
            <column name="VALUE">0</column>
        </table>
        <table name="oh_value">
            <column name="id">16</column>
            <column name="OBJECT_ID">00010002</column>
            <column name="LAST_UPDATE">2018-05-30 14:09:10</column>
            <column name="LAST_USER">NULL</column>
            <column name="ARCHIVE">0</column>
            <column name="VALUE">0</column>
        </table>
        <table name="oh_value">
            <column name="id">17</column>
            <column name="OBJECT_ID">00010003</column>
            <column name="LAST_UPDATE">2018-05-30 14:09:12</column>
            <column name="LAST_USER">NULL</column>
            <column name="ARCHIVE">0</column>
            <column name="VALUE">0</column>
        </table>
        <table name="oh_value">
            <column name="id">18</column>
            <column name="OBJECT_ID">00010004</column>
            <column name="LAST_UPDATE">2018-05-30 14:07:55</column>
            <column name="LAST_USER">NULL</column>
            <column name="ARCHIVE">0</column>
            <column name="VALUE">0</column>
        </table>
        <table name="oh_value">
            <column name="id">19</column>
            <column name="OBJECT_ID">00010005</column>
            <column name="LAST_UPDATE">2018-05-28 19:41:43</column>
            <column name="LAST_USER">NULL</column>
            <column name="ARCHIVE">0</column>
            <column name="VALUE">0</column>
        </table>
        <table name="oh_value">
            <column name="id">20</column>
            <column name="OBJECT_ID">00020001</column>
            <column name="LAST_UPDATE">2018-05-29 19:21:38</column>
            <column name="LAST_USER">NULL</column>
            <column name="ARCHIVE">0</column>
            <column name="VALUE">0</column>
        </table>
        <table name="oh_value">
            <column name="id">21</column>
            <column name="OBJECT_ID">00020002</column>
            <column name="LAST_UPDATE">2018-05-29 15:35:00</column>
            <column name="LAST_USER">NULL</column>
            <column name="ARCHIVE">0</column>
            <column name="VALUE">0</column>
        </table>
        <table name="oh_value">
            <column name="id">22</column>
            <column name="OBJECT_ID">00020003</column>
            <column name="LAST_UPDATE">2018-05-28 19:41:46</column>
            <column name="LAST_USER">NULL</column>
            <column name="ARCHIVE">0</column>
            <column name="VALUE">0</column>
        </table>
        <table name="oh_value">
            <column name="id">23</column>
            <column name="OBJECT_ID">00030001</column>
            <column name="LAST_UPDATE">2018-05-30 22:02:46</column>
            <column name="LAST_USER">NULL</column>
            <column name="ARCHIVE">0</column>
            <column name="VALUE">0</column>
        </table>
        <table name="oh_value">
            <column name="id">24</column>
            <column name="OBJECT_ID">00030002</column>
            <column name="LAST_UPDATE">2018-05-30 21:56:52</column>
            <column name="LAST_USER">NULL</column>
            <column name="ARCHIVE">0</column>
            <column name="VALUE">0</column>
        </table>
        <table name="oh_value">
            <column name="id">25</column>
            <column name="OBJECT_ID">00030003</column>
            <column name="LAST_UPDATE">2018-05-30 21:57:06</column>
            <column name="LAST_USER">NULL</column>
            <column name="ARCHIVE">0</column>
            <column name="VALUE">0</column>
        </table>
        <table name="oh_value">
            <column name="id">26</column>
            <column name="OBJECT_ID">00030004</column>
            <column name="LAST_UPDATE">2018-05-30 14:09:37</column>
            <column name="LAST_USER">NULL</column>
            <column name="ARCHIVE">0</column>
            <column name="VALUE">0</column>
        </table>
        <table name="oh_value">
            <column name="id">27</column>
            <column name="OBJECT_ID">00040001</column>
            <column name="LAST_UPDATE">2018-05-28 23:33:47</column>
            <column name="LAST_USER">NULL</column>
            <column name="ARCHIVE">0</column>
            <column name="VALUE">0</column>
        </table>
        <table name="oh_value">
            <column name="id">28</column>
            <column name="OBJECT_ID">00040002</column>
            <column name="LAST_UPDATE">2018-05-28 19:41:01</column>
            <column name="LAST_USER">NULL</column>
            <column name="ARCHIVE">0</column>
            <column name="VALUE">0</column>
        </table>
        <!-- Taula oh_zone -->
        <table name="oh_zone">
            <column name="id">1</column>
            <column name="NAME">general_0001</column>
            <column name="DESCRIPTION">General</column>
            <column name="SVG_NAME">general_0001.svg</column>
        </table>
        <table name="oh_zone">
            <column name="id">2</column>
            <column name="NAME">bathroom_0001</column>
            <column name="DESCRIPTION">Bathroom</column>
            <column name="SVG_NAME">bathroom_0001.svg</column>
        </table>
        <table name="oh_zone">
            <column name="id">3</column>
            <column name="NAME">bedroom_0001</column>
            <column name="DESCRIPTION">Bedroom</column>
            <column name="SVG_NAME">bedroom_0001.svg</column>
        </table>
        <table name="oh_zone">
            <column name="id">4</column>
            <column name="NAME">dinningroom_0001</column>
            <column name="DESCRIPTION">Dinning Room</column>
            <column name="SVG_NAME">dinningroom_0001.svg</column>
        </table>
        <table name="oh_zone">
            <column name="id">5</column>
            <column name="NAME">kitchen_0001</column>
            <column name="DESCRIPTION">Kitchen</column>
            <column name="SVG_NAME">kitchen_0001.svg</column>
        </table>
    </database>
</pma_xml_export>